{
	"format_version": "1.8.0",
	"animations": {
		"animation.scpdy_dead_human.death_1": {
			"loop": "hold_on_last_frame",
			"animation_length": 1.9167,
			"bones": {
				"root": {
					"position": {
						"1.125": [0, 0, 0],
						"1.5417": [0, -10, 0],
						"1.625": [0, -8, 0],
						"1.8333": [0, -10, 0]
					}
				},
				"leftLeg": {
					"rotation": {
						"0.0": [0, 0, 0],
						"0.25": [-2.5, 0, 0],
						"0.6667": [-2.5, 0, 0],
						"1.125": [-27.5, 0, 0],
						"1.25": [-70, 0, 0],
						"1.5": [-138.36457, -4.99885, 5.59831],
						"1.875": [-89.12129, -7.6643, 4.38281]
					},
					"position": {
						"0.0": [0, 0, 0],
						"0.25": [0, 0, 0.5],
						"1.125": [0, 0, 0.5],
						"1.5": [0, 0, 0]
					}
				},
				"rightLeg": {
					"rotation": {
						"0.0": [0, 0, 0],
						"0.125": [10, 0, 0],
						"0.25": [15, 0, 0],
						"0.6667": [15, 0, 0],
						"1.125": [0, 0, 0],
						"1.2083": [-52.5, 0, 0],
						"1.5": [-122.2146, 2.11552, -1.33243],
						"1.875": [-90.6121, 7.44645, -4.38524]
					},
					"position": {
						"0.0": [0, 0, 0],
						"0.125": [0, 0.5, 0.5],
						"0.25": [0, 0, 1],
						"0.6667": [0, 0, 1],
						"1.125": [0, 0, 3],
						"1.5": [0, 0, 0]
					}
				},
				"body": {
					"rotation": {
						"0.0": [0, 0, 0],
						"0.125": [-7.5, 0, 0],
						"0.3333": [5, 0, 0],
						"0.5": [0, 0, 0],
						"0.6667": [-10, 0, 0],
						"1.125": [-25, 0, 0],
						"1.4167": [-92.5, 0, 0],
						"1.5833": [-85, 0, 0]
					},
					"position": {
						"0.0": [0, 0, 0],
						"0.25": [0, 0, 0.5],
						"0.6667": [0, 0, 0.5],
						"1.125": [0, 0, 1.5],
						"1.5": [0, 0, 0]
					}
				},
				"head": {
					"rotation": {
						"1.125": [0, 0, 0],
						"1.4167": [-10, 0, 0],
						"1.5": [22.5, 0, 0],
						"1.75": [2.5, 0, 0]
					}
				},
				"leftArm": {
					"rotation": {
						"0.0": [0, 0, 0],
						"0.2083": [-36.84471, 3.83947, -22.88602],
						"0.875": [3.15529, 3.83947, -22.88602],
						"1.4167": [-26.84, 3.84, -22.89],
						"1.5417": [-46.84, 3.84, -22.89],
						"1.7917": [0.65931, -3.64863, -23.30309]
					}
				},
				"rightArm": {
					"rotation": {
						"0.0": [0, 0, 0],
						"0.2083": [-46.99535, -4.54909, 17.82622],
						"0.875": [13.00465, -4.54909, 17.82622],
						"1.125": [-12, -4.55, 17.83],
						"1.4167": [-12, -4.55, 17.83],
						"1.5417": [-29.5, -4.55, 17.83],
						"1.7917": [-1.42587, 10.3808, 19.27512]
					}
				}
			}
		},
		"animation.scpdy_dead_human.death_1_keep": {
			"loop": true,
			"bones": {
				"root": {
					"position": [0, -10, 0]
				},
				"leftLeg": {
					"rotation": [-89.12, -7.66, 4.38]
				},
				"rightLeg": {
					"rotation": [-90.61, 7.45, -4.39]
				},
				"body": {
					"rotation": [-85, 0, 0],
					"position": [0, 0, 0]
				},
				"head": {
					"rotation": [2.5, 0, 0]
				},
				"leftArm": {
					"rotation": [0.65931, -3.64863, -23.30309],
					"position": [0, 0, 0]
				},
				"rightArm": {
					"rotation": [-1.42587, 10.3808, 19.27512],
					"position": [0, 0, 0]
				}
			}
		},
		"animation.scpdy_dead_human.death_2": {
			"loop": "hold_on_last_frame",
			"animation_length": 0.8333,
			"bones": {
				"root": {
					"position": {
						"0.2083": [0, 0, 0],
						"0.4167": [0, -9.5, 0],
						"0.5417": [0, -7.5, 0],
						"0.7917": [0, -9.5, 0]
					}
				},
				"leftLeg": {
					"rotation": {
						"0.0": [0, 0, 0],
						"0.2083": [17.5, 0, 0],
						"0.3333": [74.5, 0, 0],
						"0.4167": [112.5, 0, 0],
						"0.5": [106.23923, 3.74641, -0.16451],
						"0.6667": [87.47846, 7.49282, -0.32902]
					}
				},
				"rightLeg": {
					"rotation": {
						"0.0": [0, 0, 0],
						"0.2083": [27.5, 0, 0],
						"0.3333": [81, 0, 0],
						"0.4167": [112.5, 0, 0],
						"0.5": [109.98923, -3.74641, 0.16451],
						"0.6667": [87.47846, -7.49282, 0.32902]
					}
				},
				"body": {
					"rotation": {
						"0.0": [0, 0, 0],
						"0.2083": [37.5, 0, 0],
						"0.4167": [80, 0, 0],
						"0.5": [72.5, 0, 0],
						"0.6667": [80, 0, 0]
					},
					"position": {
						"0.0": [0, 0, 0],
						"0.2083": [0, 0, -1],
						"0.4167": [0, 0, 0]
					}
				},
				"head": {
					"rotation": {
						"0.0": [0, 0, 0],
						"0.2083": [-7.5, 0, 0],
						"0.4167": [-12.98434, -9.74928, 2.23603],
						"0.5": [-33.28337, -26.80033, 5.21389],
						"0.8333": [-15.61249, -36.46498, 9.42961]
					}
				},
				"leftArm": {
					"rotation": {
						"0.0": [0, 0, 0],
						"0.2083": [30.80638, -14.54607, -22.37334],
						"0.4167": [48.30638, -14.54607, -22.37334],
						"0.6667": [-4.21808, 2.48222, -29.37703]
					}
				},
				"rightArm": {
					"rotation": {
						"0.0": [0, 0, 0],
						"0.2083": [30.80638, 14.54607, 22.37334],
						"0.4167": [48.30638, 14.54607, 22.37334],
						"0.6667": [-4.21808, -2.48222, 29.37703]
					}
				}
			}
		},
		"animation.scpdy_dead_human.death_2_keep": {
			"loop": true,
			"bones": {
				"root": {
					"position": [0, -9.5, 0]
				},
				"leftLeg": {
					"rotation": [87.48, 7.49, -0.33]
				},
				"rightLeg": {
					"rotation": [87.48, -7.49, 0.33]
				},
				"body": {
					"rotation": [80, 0, 0],
					"position": [0, 0, 0]
				},
				"head": {
					"rotation": [-15.61, -36.46, 9.43]
				},
				"leftArm": {
					"rotation": [-4.22, 2.48, -29.38]
				},
				"rightArm": {
					"rotation": [-4.22, -2.48, 29.38]
				}
			}
		},
		"animation.scpdy_dead_human.death_3": {
			"loop": "hold_on_last_frame",
			"animation_length": 2.9167,
			"bones": {
				"root": {
					"position": {
						"0.5417": [0, 0, 0],
						"0.875": [0, -9, 0]
					}
				},
				"leftLeg": {
					"rotation": {
						"0.0": [0, 0, 0],
						"0.375": [0, 0, 0],
						"0.5417": [4, 0, 0],
						"0.6667": [82.5, 0, 0],
						"0.8333": [111.25821, 2.47089, 0.38054],
						"1.0": [82.43603, 7.43547, -0.98448],
						"1.0833": [87.43603, 7.43547, -0.98448],
						"1.2083": [82.43603, 7.43547, -0.98448]
					},
					"position": {
						"0.0": [0, 0, 0],
						"0.375": [0, 0, -1.75],
						"0.5417": [0, 0, -1.75],
						"0.6667": [0, 0, 0]
					}
				},
				"rightLeg": {
					"rotation": {
						"0.0": [0, 0, 0],
						"0.375": [27.5, 0, 0],
						"0.5417": [30, 0, 0],
						"0.6667": [75, 0, 0],
						"0.8333": [127.50238, -2.49762, -0.10912],
						"1.0": [82.47168, -4.95712, 0.65426],
						"1.0833": [87.47168, -4.95712, 0.65426],
						"1.2083": [82.47168, -4.95712, 0.65426]
					},
					"position": {
						"0.0": [0, 0, 0],
						"0.375": [0, 0, -1.5],
						"0.5417": [0, 0, -1.5],
						"0.6667": [0, 0, 0]
					}
				},
				"body": {
					"rotation": {
						"0.0": [0, 0, 0],
						"0.2917": [21.35, 0, 0],
						"0.5417": [12.5, 0, 0],
						"0.7083": [28.78987, 15.23978, 7.34714],
						"0.875": [66.29652, 14.36495, 29.47028]
					},
					"position": {
						"0.0": [0, 0, 0],
						"0.5417": [0, 0, -1.5],
						"0.875": [0, 0, 0]
					}
				},
				"head": {
					"rotation": {
						"0.0": [0, 0, 0],
						"0.2083": [17.5, 0, 0],
						"0.5417": [7.5, 0, 0],
						"0.6667": [25.22876, -8.36142, -1.16052],
						"0.875": [8.11003, -22.29711, -3.09472],
						"1.0": [40.61003, -22.29711, -3.09472],
						"1.1667": [30.61003, -22.29711, -3.09472],
						"1.5417": [-33.10976, -26.51509, -0.14522],
						"1.6667": [-38.10976, -26.51509, -0.14522],
						"1.9167": [-38.35649, -23.00472, 0.3134],
						"2.3333": [-20.85649, -23.00472, 0.3134],
						"2.9167": [46.75184, -7.57945, 10.02746]
					},
					"position": {
						"2.3333": [0, 0, 0],
						"2.9167": [0.71979, -0.13368, -1.12984]
					}
				},
				"leftArm": {
					"rotation": {
						"0.0": [0, 0, 0],
						"0.5417": [-25.31854, 13.37612, 10.14482],
						"0.875": [-38.83877, 59.68493, 61.34423],
						"1.125": [-47.33039, 54.54385, 51.25006],
						"1.3333": [-34.09118, 50.7404, 45.89403],
						"2.2917": [-34.09118, 50.7404, 45.89403],
						"2.6667": [-26.97161, 48.6806, 38.83964]
					},
					"position": {
						"0.5417": [0, 0, 0],
						"0.875": [0, -1, -2],
						"2.2917": [0, -1, -2],