{
	"format_version": "1.8.0",
	"animations": {
		"animation.scpdy_player.mp5.pick": {
			"animation_length": 1,
			"override_previous_animation": true,
			"bones": {
				"leftArm": {
					"rotation": {
						"0.0": [-15, 0, 0],
						"0.1": [-72.39494, -22.42049, 40.97926],
						"0.2333": [-72.10719, "-38.7867+math.sin(query.life_time * -60) * 2", 38.76049]
					},
					"position": {
						"0.0": [0, 0, 0],
						"0.1": [0, 0, 0],
						"0.2333": [-0.5, -0.25, 0]
					}
				},
				"rightArm": {
					"rotation": {
						"0.0": [-15, 0, 0],
						"0.1": [-50.48989, -34.0332, -15.88337],
						"0.2333": [-53.33188, -48.9968, "-3.8491+math.sin(query.life_time * 60) * 2"]
					},
					"position": {
						"0.0": [0, 0, 0],
						"0.1": [-0.25, 0, 0],
						"0.2333": [0.25, -0.5, -0.75]
					}
				},
				"rightItem": {
					"rotation": {
						"0.0": [0, 0, 0],
						"0.1": [-12.80177, -9.18207, -20.06624],
						"0.2333": [-12.20836, -12.62818, -24.04644]
					},
					"position": {
						"0.0": [0, 0, 0],
						"0.1": [0, 0, 0],
						"0.2333": [-1, -1.25, -0.25]
					}
				}
			}
		},
		"animation.scpdy_player.mp5.remove": {
			"animation_length": 0.0833,
			"override_previous_animation": true,
			"bones": {
				"leftArm": {
					"rotation": {
						"0.0": [-72.10719, "-38.7867+math.sin(query.life_time * -60) * 2", 38.76049],
						"0.0833": [-15, 0, 0]
					},
					"position": {
						"0.0": [-0.5, -0.25, 0],
						"0.0833": [0, 0, 0]
					}
				},
				"rightArm": {
					"rotation": {
						"0.0": [-53.33188, -48.9968, "-3.8491+math.sin(query.life_time * 60) * 2"],
						"0.0833": [-15, 0, 0]
					},
					"position": {
						"0.0": [0.25, -0.5, -0.75],
						"0.0833": [0, 0, 0]
					}
				},
				"rightItem": {
					"rotation": {
						"0.0": [-12.20836, -12.62818, -24.04644],
						"0.0833": [0, 0, 0]
					},
					"position": {
						"0.0": [-1, -1.25, -0.25],
						"0.0833": [0, 0, 0]
					}
				}
			}
		},
		"animation.scpdy_player.mp5.ready": {
			"animation_length": 0.5,
			"override_previous_animation": true,
			"bones": {
				"leftArm": {
					"rotation": [-72.10719, "-38.7867+math.sin(query.life_time * -60) * 2", 38.76049],
					"position": [-0.5, -0.25, 0]
				},
				"rightArm": {
					"rotation": [-53.33188, -48.9968, "-3.8491+math.sin(query.life_time * 60) * 2"],
					"position": [0.25, -0.5, -0.75]
				},
				"rightItem": {
					"rotation": [-12.20836, -12.62818, -24.04644],
					"position": [-1, -1.25, -0.25]
				}
			}
		},
		"animation.scpdy_player.mp5.aim": {
			"animation_length": 0.5,
			"override_previous_animation": true,
			"bones": {
				"leftArm": {
					"rotation": ["-90+(q.target_x_rotation)+(q.is_sneaking ? -25 : 0)", "20+(q.target_y_rotation)", "q.is_sneaking ? (-q.target_y_rotation / 4) : 0"],
					"position": [-1, 0, -1]
				},
				"rightArm": {
					"rotation": ["-90+(q.target_x_rotation)+(q.is_sneaking ? -25 : 0)", "-2.5+(q.target_y_rotation)", "(q.is_sneaking ? (-q.target_y_rotation / 4) : 0)"],
					"position": [1, 0, 1]
				},
				"rightItem": {
					"rotation": [0, 0, 0],
					"position": [-0.25, 0, -0.25]
				}
			}
		},
		"animation.scpdy_player.mp5.ready_to_aim": {
			"animation_length": 0.5,
			"override_previous_animation": true,
			"bones": {
				"leftArm": {
					"rotation": {
						"0.0": [-72.10719, "-38.7867+math.sin(query.life_time * -60) * 2", 38.76049],
						"0.1458": ["-90+(q.target_x_rotation)+(q.is_sneaking ? -25 : 0)", "20+(q.target_y_rotation)", "q.is_sneaking ? (-q.target_y_rotation / 4) : 0"]
					},
					"position": {
						"0.0": [-0.5, -0.25, 0],
						"0.1458": [-1, 0, -1]
					}
				},
				"rightArm": {
					"rotation": {
						"0.0": [-53.33188, -48.9968, "-3.8491+math.sin(query.life_time * 60) * 2"],
						"0.1458": ["-90+(q.target_x_rotation)+(q.is_sneaking ? -25 : 0)", "-2.5+(q.target_y_rotation)", "(q.is_sneaking ? (-q.target_y_rotation / 4) : 0)"]
					},
					"position": {
						"0.0": [0.25, -0.5, -0.75],
						"0.1458": [1, 0, 1]
					}
				},
				"rightItem": {
					"rotation": {
						"0.0": [-12.20836, -12.62818, -24.04644],
						"0.1458": [0, 0, 0]
					},
					"position": {
						"0.0": [-1, -1.25, -0.25],
						"0.1458": [-0.25, 0, -0.25]
					}
				}
			}
		},
		"animation.scpdy_player.mp5.aim_to_ready": {
			"animation_length": 0.5,
			"override_previous_animation": true,
			"bones": {
				"leftArm": {
					"rotation": {
						"0.0": ["-90+(q.target_x_rotation)+(q.is_sneaking ? -25 : 0)", "20+(q.target_y_rotation)", "q.is_sneaking ? (-q.target_y_rotation / 4) : 0"],
						"0.1458": [-72.10719, "-38.7867+math.sin(query.life_time * -60) * 2", 38.76049]
					},
					"position": {
						"0.0": [-1, 0, -1],
						"0.1458": [-0.5, -0.25, 0]
					}
				},
				"rightArm": {
					"rotation": {
						"0.0": ["-90+(q.target_x_rotation)+(q.is_sneaking ? -25 : 0)", "-2.5+(q.target_y_rotation)", "(q.is_sneaking ? (-q.target_y_rotation / 4) : 0)"],
						"0.1458": [-53.33188, -48.9968, "-3.8491+math.sin(query.life_time * 60) * 2"]
					},
					"position": {
						"0.0": [1, 0, 1],
						"0.1458": [0.25, -0.5, -0.75]
					}
				},
				"rightItem": {
					"rotation": {
						"0.0": [0, 0, 0],
						"0.1458": [-12.20836, -12.62818, -24.04644]
					},
					"position": {
						"0.0": [-0.25, 0, -0.25],
						"0.1458": [-1, -1.25, -0.25]
					}
				}
			}
		},
		"animation.scpdy_player.mp5.shoot": {
			"animation_length": 0.5,
			"override_previous_animation": true,
			"bones": {
				"leftArm": {
					"rotation": ["-90+(q.target_x_rotation)+(q.is_sneaking ? -25 : 0)", "20+(q.target_y_rotation)", "q.is_sneaking ? (-q.target_y_rotation / 4) : 0"],
					"position": {
						"0.0": {
							"post": [-1, 0, -1],
							"lerp_mode": "catmullrom"
						},
						"0.0333": {
							"post": [-0.74348, 0.25, -0.29523],
							"lerp_mode": "catmullrom"
						},
						"0.1167": {
							"post": [-0.73502, 0.2, -0.56436],
							"lerp_mode": "catmullrom"
						},
						"0.2": [-1, 0, -1]
					}
				},
				"rightArm": {
					"rotation": ["-90+(q.target_x_rotation)+(q.is_sneaking ? -25 : 0)", "-2.5+(q.target_y_rotation)", "(q.is_sneaking ? (-q.target_y_rotation / 4) : 0)"],
					"position": {
						"0.0": {
							"post": [1, 0, 1],
							"lerp_mode": "catmullrom"
						},
						"0.0333": {
							"post": [0.9, 0.25, 1.75],
							"lerp_mode": "catmullrom"
						},
						"0.1167": {
							"post": [0.9, 0.2, 1.5],
							"lerp_mode": "catmullrom"
						},
						"0.2": [1, 0, 1]
					}
				},
				"rightItem": {
					"rotation": [0, 0, 0],
					"position": [-0.25, 0, -0.25]
				}
			}
		},
		"animation.scpdy_player.mp5.reload_tac": {
			"animation_length": 1.5625,
			"override_previous_animation": true,
			"bones": {
				"leftArm": {
					"rotation": {
						"0.0": [-72.10719, "-38.7867+math.sin(query.life_time * -60) * 2", 38.76049],
						"0.1667": [-73.27381, 26.84491, 7.73318],
						"0.2917": [-45.41927, 0.62076, 14.41733],
						"0.4375": [-5.63303, 36.86725, 31.34928],
						"0.5625": [-7.46728, 37.23462, 40.73918],
						"0.6875": [-12.89054, 31.55766, 35.9585],
						"0.8125": [-65.97045, 21.73537, -21.48445],
						"0.9583": [-94.74445, 29.43309, -19.53268],
						"1.0417": [-98.28883, 24.54816, -27.93929],
						"1.1875": [-100.09863, 21.28094, -32.86326],
						"1.5625": [-72.10719, "-38.7867+math.sin(query.life_time * -60) * 2", 38.76049]
					},
					"position": {
						"0.0": [-0.5, -0.25, 0],
						"0.1667": [-1, -0.25, -2.5],
						"0.2917": [-0.25, 0.25, -2],
						"0.4375": [0, 0.75, -1.5],
						"0.5625": [0, 0.75, -2.25],
						"0.6875": [0, 0.75, -2.25],
						"0.8125": [-1, -0.25, -3.25],
						"1.1875": [-1, -0.25, -3.25],
						"1.5625": [-0.5, -0.25, 0]
					}
				},
				"rightArm": {
					"rotation": {
						"0.0": [-53.33188, -48.9968, "-3.8491+math.sin(query.life_time * 60) * 2"],
						"0.1667": [-73.09923, -21.69517, -9.18018],
						"0.2708": [-82.76318, -13.95044, -10.81185],
						"0.4792": [-81.30371, -11.17129, -5.32398],
						"0.7292": [-82.62439, -13.08223, -5.64691],