{
	"format_version": "1.8.0",
	"animations": {
		"animation.scpdy_player.t5000.pick": {
			"animation_length": 0.5,
			"override_previous_animation": true,
			"bones": {
				"leftArm": {
					"rotation": {
						"0.0": [-15, 0, 0],
						"0.0417": [-47.94093, 12.84793, 17.81582],
						"0.2083": [-59.89494, -22.42049, 40.97926],
						"0.375": [-71.1287, "-19.2972+math.sin(query.life_time * -60) * 2", 58.03732]
					},
					"position": {
						"0.0": [0, 0, 0],
						"0.0417": [0, 0, 0],
						"0.2083": [0, 0, 0],
						"0.375": [-0.25, -0.25, -2.75]
					}
				},
				"rightArm": {
					"rotation": {
						"0.0": [-15, 0, 0],
						"0.0417": [-3.82394, 24.8249, 32.42466],
						"0.2083": [-61.54323, -26.11322, -8.816],
						"0.375": [-64.15304, -34.6589, "8.5385+math.sin(query.life_time * 60) * 2"]
					},
					"position": {
						"0.0": [0, 0, 0],
						"0.0417": [-0.25, 0, 0],
						"0.2083": [-0.25, 0, 0],
						"0.375": [-0.5, -0.5, 0.25]
					}
				},
				"rightItem": {
					"rotation": {
						"0.0": [0, 0, 0],
						"0.2083": [-7.51963, -9.07725, -9.20328]
					},
					"position": {
						"0.0": [0, 0, 0],
						"0.0417": [0, 0, 0],
						"0.2083": [-1, -1.25, 0.5]
					}
				}
			}
		},
		"animation.scpdy_player.t5000.remove": {
			"animation_length": 0.0833,
			"override_previous_animation": true,
			"bones": {
				"leftArm": {
					"rotation": {
						"0.0": [-71.1287, "-19.2972+math.sin(query.life_time * -60) * 2", 58.03732],
						"0.0833": [-15, 0, 0]
					},
					"position": {
						"0.0": [-0.25, -0.25, -2.75],
						"0.0833": [0, 0, 0]
					}
				},
				"rightArm": {
					"rotation": {
						"0.0": [-64.15304, -34.6589, "8.5385+math.sin(query.life_time * 60) * 2"],
						"0.0833": [-15, 0, 0]
					},
					"position": {
						"0.0": [-0.5, -0.5, 0.25],
						"0.0833": [0, 0, 0]
					}
				},
				"rightItem": {
					"rotation": {
						"0.0": [-7.51963, -9.07725, -9.20328],
						"0.0833": [0, 0, 0]
					},
					"position": {
						"0.0": [-1, -1.25, 0.5],
						"0.0833": [0, 0, 0]
					}
				}
			}
		},
		"animation.scpdy_player.t5000.ready": {
			"animation_length": 1,
			"override_previous_animation": true,
			"bones": {
				"leftArm": {
					"rotation": [-71.1287, "-19.2972+math.sin(query.life_time * -60) * 2", 58.03732],
					"position": [-0.25, -0.25, -2.75]
				},
				"rightArm": {
					"rotation": [-64.15304, -34.6589, "8.5385+math.sin(query.life_time * 60) * 2"],
					"position": [-0.5, -0.5, 0.25]
				},
				"rightItem": {
					"rotation": [-7.51963, -9.07725, -9.20328],
					"position": [-1, -1.25, 0.5]
				}
			}
		},
		"animation.scpdy_player.t5000.aim": {
			"animation_length": 0.5,
			"override_previous_animation": true,
			"bones": {
				"leftArm": {
					"rotation": ["-90+(q.target_x_rotation)+(q.is_sneaking ? -25 : 0)", "20+(q.target_y_rotation)", "q.is_sneaking ? (-q.target_y_rotation / 4) : 0"],
					"position": [-1, 0, -1]
				},
				"rightArm": {
					"rotation": ["-90+(q.target_x_rotation)+(q.is_sneaking ? -25 : 0)", "-2.5+(q.target_y_rotation)", "(q.is_sneaking ? (-q.target_y_rotation / 4) : 0)"],
					"position": [1, 0, 1]
				},
				"rightItem": {
					"rotation": [0, 0, 0],
					"position": [-0.25, 0, 0.75]
				}
			}
		},
		"animation.scpdy_player.t5000.ready_to_aim": {
			"animation_length": 0.5,
			"override_previous_animation": true,
			"bones": {
				"leftArm": {
					"rotation": {
						"0.0": [-71.1287, "-19.2972+math.sin(query.life_time * -60) * 2", 58.03732],
						"0.25": ["-90+(q.target_x_rotation)+(q.is_sneaking ? -25 : 0)", "20+(q.target_y_rotation)", "q.is_sneaking ? (-q.target_y_rotation / 4) : 0"]
					},
					"position": {
						"0.0": [-0.25, -0.25, -2.75],
						"0.25": [-1, 0, -1]
					}
				},
				"rightArm": {
					"rotation": {
						"0.0": [-64.15304, -34.6589, "8.5385+math.sin(query.life_time * 60) * 2"],
						"0.25": ["-90+(q.target_x_rotation)+(q.is_sneaking ? -25 : 0)", "-2.5+(q.target_y_rotation)", "(q.is_sneaking ? (-q.target_y_rotation / 4) : 0)"]
					},
					"position": {
						"0.0": [-0.5, -0.5, 0.25],
						"0.25": [1, 0, 1]
					}
				},
				"rightItem": {
					"rotation": {
						"0.0": [-7.51963, -9.07725, -9.20328],
						"0.25": [0, 0, 0]
					},
					"position": {
						"0.0": [-1, -1.25, 0.5],
						"0.25": [-0.25, 0, 0.75]
					}
				}
			}
		},
		"animation.scpdy_player.t5000.aim_to_ready": {
			"animation_length": 0.5,
			"override_previous_animation": true,
			"bones": {
				"leftArm": {
					"rotation": {
						"0.0": ["-90+(q.target_x_rotation)+(q.is_sneaking ? -25 : 0)", "20+(q.target_y_rotation)", "q.is_sneaking ? (-q.target_y_rotation / 4) : 0"],
						"0.25": [-71.1287, "-19.2972+math.sin(query.life_time * -60) * 2", 58.03732]
					},
					"position": {
						"0.0": [-1, 0, -1],
						"0.25": [-0.25, -0.25, -2.75]
					}
				},
				"rightArm": {
					"rotation": {
						"0.0": ["-90+(q.target_x_rotation)+(q.is_sneaking ? -25 : 0)", "-2.5+(q.target_y_rotation)", "(q.is_sneaking ? (-q.target_y_rotation / 4) : 0)"],
						"0.25": [-64.15304, -34.6589, "8.5385+math.sin(query.life_time * 60) * 2"]
					},
					"position": {
						"0.0": [1, 0, 1],
						"0.25": [-0.5, -0.5, 0.25]
					}
				},
				"rightItem": {
					"rotation": {
						"0.0": [0, 0, 0],
						"0.25": [-7.51963, -9.07725, -9.20328]
					},
					"position": {
						"0.0": [-0.25, 0, 0.75],
						"0.25": [-1, -1.25, 0.5]
					}
				}
			}
		},
		"animation.scpdy_player.t5000.shoot": {
			"animation_length": 0.5,
			"override_previous_animation": true,
			"bones": {
				"leftArm": {
					"rotation": ["-90+(q.target_x_rotation)+(q.is_sneaking ? -25 : 0)", "20+(q.target_y_rotation)", "q.is_sneaking ? (-q.target_y_rotation / 4) : 0"],
					"position": {
						"0.0": [-1, 0, -1],
						"0.0417": {
							"pre": [-1, 0.5, 0],
							"post": [-1, 0.5, 0],
							"lerp_mode": "catmullrom"
						},
						"0.1667": {
							"post": [-1, 0.6, 0.5],
							"lerp_mode": "catmullrom"
						},
						"0.375": [-1, 0, -1]
					}
				},
				"rightArm": {
					"rotation": ["-90+(q.target_x_rotation)+(q.is_sneaking ? -25 : 0)", "-2.5+(q.target_y_rotation)", "(q.is_sneaking ? (-q.target_y_rotation / 4) : 0)"],
					"position": {
						"0.0": [1, 0, 1],
						"0.0417": {
							"pre": [1, 0.5, 2],
							"post": [1, 0.5, 2],
							"lerp_mode": "catmullrom"
						},
						"0.1667": {
							"post": [1, 0.6, 2.5],
							"lerp_mode": "catmullrom"
						},
						"0.375": [1, 0, 1]
					}
				},
				"rightItem": {
					"rotation": [0, 0, 0],
					"position": [-0.25, 0, 0.75]
				}
			}
		},
		"animation.scpdy_player.t5000.bolt": {
			"animation_length": 1,
			"override_previous_animation": true,
			"bones": {
				"leftArm": {
					"rotation": {
						"0.0": ["-90+(q.target_x_rotation)+(q.is_sneaking ? -25 : 0)", "20+(q.target_y_rotation)", "q.is_sneaking ? (-q.target_y_rotation / 4) : 0"],
						"0.1458": [-84.2368, 24.3683, 13.74538],
						"0.2708": [-83.823, 31.82951, 14.63345],
						"0.625": [-83.823, 31.82951, 14.63345],
						"0.7708": [-84.2368, 24.3683, 13.74538],
						"1.0": ["-90+(q.target_x_rotation)+(q.is_sneaking ? -25 : 0)", "20+(q.target_y_rotation)", "q.is_sneaking ? (-q.target_y_rotation / 4) : 0"]
					},
					"position": {
						"0.0": [-1, 0, -1],
						"0.1458": [-3, 0, -3],
						"0.7708": [-3, 0, -3],
						"1.0": [-1, 0, -1]
					}
				},
				"rightArm": {
					"rotation": {
						"0.0": ["-90+(q.target_x_rotation)+(q.is_sneaking ? -25 : 0)", "-2.5+(q.target_y_rotation)", "(q.is_sneaking ? (-q.target_y_rotation / 4) : 0)"],
						"0.125": [-87.7136, -5.10218, 2.39812],
						"0.25": [-87.71, -5.1, 2.4],
						"0.3542": [-88.16416, -5.2801, 7.41734],
						"0.6667": [-88.16416, -5.2801, 7.41734],
						"0.7917": [-87.7136, -5.10218, 2.39812],
						"1.0": ["-90+(q.target_x_rotation)+(q.is_sneaking ? -25 : 0)", "-2.5+(q.target_y_rotation)", "(q.is_sneaking ? (-q.target_y_rotation / 4) : 0)"]
					},
					"position": {
						"0.0": [1, 0, 1],
						"0.125": [1, 0, 0],
						"0.25": [0, 1, 0],